I0	I1	I2	I3	E0	E1	E2	E3	E4	E5	T1	A1	Y1
y	y	y	n	n	n	n	y	y	y	De novo genome and transcriptome resources of the Adzuki bean borer Ostrinia scapulalis (Lepidoptera: Crambidae)	Gschloessl, B;Dorkeld, E;Audiot, P;Bretaudeau, A;Kerdelhue, C;Streiff, R	2018///
y	y	y	n	n	n	n	y	y	y	A Statistical Method for Detecting Differentially Expressed SNVs Based on Next-Generation RNA-seq Data	Fu, Rong;Wang, Pei;Ma, Weiping;Taguchi, Ayumu;Wong, Chee-Hong;Zhang, Qing;Gazdar, Adi;Hanash, Samir M;Zhou, Qinghua;Zhong, Hua;Feng, Ziding	2017///
y	y	n	n	n	n	y	y	y	n	croFGD: Catharanthus roseus Functional Genomics Database	She, Jiajie;Yan, Hengyu;Yang, Jiaotong;Xu, Wenying;Su, Zhen	2019///
y	y	y	n	n	n	n	y	n	y	Discovering Gene Regulatory Elements Using Coverage-Based Heuristics	Al-Ouran, Rami;Schmidt, Robert;Naik, Ashwini;Jones, Jeffrey;Drews, Frank;Juedes, David;Elnitski, Laura;Welch, Lonnie	2018///
y	n	y	n	n	y	n	y	y	n	De novo assembly and characterization of the Hucho taimen transcriptome	Tong, Guang-Xiang;Xu, Wei;Zhang, Yong-Quan;Zhang, Qing-Yu;Yin, Jia-Sheng;Kuang, You-Yi	2018///
y	n	y	n	n	y	n	y	y	n	Detection of Proteome Diversity Resulted from Alternative Splicing is Limited by Trypsin Cleavage Specificity	Wang, Xiaojing;Codreanu, Simona G;Wen, Bo;Li, Kai;Chambers, Matthew C;Liebler, Daniel C;Zhang, Bing	2018///
y	n	y	n	n	y	n	n	y	n	Overrepresentation Analyses of Differentially Expressed Genes in the Smut Fungus Ustilago bromivora during Saprophytic and in planta Growth	Czedik-Eysenberg, Angelika;Rabe, Franziska;Ekker, Heinz;Czepe, Carmen;Djamei, Armin	2017///
y	y	y	y	n	n	n	n	n	n	Novel Insights of the Gene Translational Dynamic and Complex Revealed by Ribosome Profiling	Wang, Zhe;Gu, Zhenglong	2018///
y	y	y	y	n	n	n	n	n	y	Isoform Sequencing and State-of-Art Applications for Unravelling Complexity of Plant Transcriptomes	An, Dong;Cao, Hieu X;Li, Changsheng;Humbeck, Klaus;Wang, Wenqin	2018///
y	y	y	y	n	n	n	n	n	y	A clinically driven variant prioritization framework outperforms purely computational approaches for the diagnostic analysis of singleton WES data	Stark, Zornitza;Dashnow, Harriet;Lunke, Sebastian;Tan, Tiong Y;Yeung, Alison;Sadedin, Simon;Thorne, Natalie;Macciocca, Ivan;Gaff, Clara;Oshlack, Alicia;White, Susan M;James, Paul A;Melbourne Genomics Hlth, Alliance	2017///
y	n	n	n	n	y	y	y	y	n	Fungal microbiota dysbiosis in IBD	Sokol, Harry;Leducq, Valentin;Aschard, Hugues;Hang-Phuong, Pham;Jegou, Sarah;Landman, Cecilia;Cohen, David;Liguori, Giuseppina;Bourrier, Anne;Nion-Larmurier, Isabelle;Cosnes, Jacques;Seksik, Philippe;Langella, Philippe;Skurnik, David;Richard, Mathias L;Beaugerie, Laurent	2017///
y	y	y	n	n	n	n	y	y	n	Comprehensive analysis of long non-coding RNAs highlights their spatio-temporal expression patterns and evolutional conservation in Sus scrofa	Tang, Zhonglin;Wu, Yang;Yang, Yalan;Yang, Yu-Cheng T;Wang, Zishuai;Yuan, Jiapei;Yang, Yang;Hua, Chaoju;Fan, Xinhao;Niu, Guanglin;Zhang, Yubo;Lu, Zhi John;Li, Kui	2017///
y	n	n	n	n	y	y	y	y	n	Exploring gastric bacterial community in young pigs	Motta, Vincenzo;Trevisi, Paolo;Bertolini, Francesca;Ribani, Anisa;Schiavo, Giuseppina;Fontanesi, Luca;Bosi, Paolo	2017///
y	y	y	y	n	n	n	n	n	n	Viral Diagnostics in Plants Using Next Generation Sequencing: Computational Analysis in Practice	Jones, Susan;Baizan-Edge, Amanda;MacFarlane, Stuart;Torrance, Lesley	2017///
y	y	y	y	n	n	n	n	n	n	Genome-wide identification of long non-coding RNA genes and their association with insecticide resistance and metamorphosis in diamondback moth, Plutella xylostella	Liu, Feiling;Guo, Dianhao;Yuan, Zhuting;Chen, Chen;Xiao, Huamei	2017///
y	y	y	y	n	n	n	n	n	n	RNAseq profiling of primary microglia and astrocyte cultures in near-term ovine fetus: A glial in vivo-in vitro multi-hit paradigm in large mammalian brain	Cortes, M;Cao, M;Liu, H L;Burns, P;Moore, C;Fecteau, G;Desrochers, A;Barreiro, L B;Antel, J P;Frasch, M G	2017///
y	y	y	y	n	n	n	n	n	n	Phylogenetic annotation and genomic architecture of opsin genes in Crustacea	Perez-Moreno, Jorge L;DeLeo, Danielle M;Palero, Ferran;Bracken-Grissom, Heather D	2018///
y	y	y	y	n	n	n	n	n	y	From sequencing data to gene functions: co-functional network approaches	Shim, Jung Eun;Lee, Tak;Lee, Insuk	2017///
y	y	y	n	n	n	n	y	y	y	An Updated Functional Annotation of Protein-Coding Genes in the Cucumber Genome	Song, Hongtao;Lin, Kui;Hu, Jinglu;Pang, Erli	2018///
y	y	y	y	n	n	n	n	n	n	Maser: one-stop platform for NGS big data from analysis to visualization	Kinjo, Sonoko;Monma, Norikazu;Misu, Sadahiko;Kitamura, Norikazu;Imoto, Junichi;Yoshitake, Kazutoshi;Gojobori, Takashi;Ikeo, Kazuho	2018///
y	y	y	y	n	n	n	n	n	y	FUNNEL-GSEA: FUNctioNal ELastic-net regression in time-course gene set enrichment analysis	Zhang, Yun;Topham, David J;Thakar, Juilee;Qiu, Xing	2017///
y	y	y	y	n	n	n	n	n	y	A resource provisioning framework for bioinformatics applications in multi-cloud environments	Senturk, Izzet F;Balakrishnan, P;Abu-Doleh, Anas;Kaya, Kamer;Malluhi, Qutaibah;Catalyurek, Umit V	2018///
y	y	y	y	n	n	n	n	n	n	Developmentally regulated internal transcription initiation during meiosis in budding yeast	Zhou, Sai;Sternglanz, Rolf;Neiman, Aaron M	2017///
y	y	y	y	n	n	n	n	n	n	Integrative Differential Expression Analysis for Multiple EXperiments (IDEAMEX): A Web Server Tool for Integrated RNA-Seq Data Analysis	Jimenez-Jacinto, Veronica;Sanchez-Flores, Alejandro;Vega-Alvarado, Leticia	2019///
y	y	y	y	n	n	n	n	n	n	Next-Generation Sequencing Analysis of Long Noncoding RNAs in CD4+T Cell Differentiation	Ranzani, Valeria;Arrigoni, Alberto;Rossetti, Grazisa;Panzeri, Ilaria;Abrignani, Sergio;Bonnal, Raoul J P;Pagani, Massimiliano	2017///
y	y	y	y	n	n	n	n	n	y	PatternMarkers & GWCoGAPS for novel data-driven biomarkers via whole transcriptome NMF	Stein-O'Brien, Genevieve L;Carey, Jacob L;Lee, Wai Shing;Considine, Michael;Favorov, Alexander V;Flam, Emily;Guo, Theresa;Li, Sijia;Marchionni, Luigi;Sherman, Thomas;Sivy, Shawn;Gaykalova, Daria A;McKay, Ronald D;Ochs, Michael F;Colantuoni, Carlo;Fertig, Elana J	2017///
y	y	y	y	n	n	n	n	y	y	Improving the Reliability of RNA-seq: Approaching Single-Cell Transcriptomics To Explore Individuality in Bacteria	Bossert, Martin;Kracht, David;Scherer, Siegfried;Landstorfer, Richard;Neuhaus, Klaus	2018///
y	n	n	n	n	y	y	y	y	y	Novel 25 kb Deletion of MERTK Causes Retinitis Pigmentosa With Severe Progression	Evans, Daniel R;Green, Jane S;Johnson, Gordon J;Schwartzentruber, Jeremy;Majewski, Jacek;Beaulieu, Chandree L;Qin, Wen;Marshall, Christian R;Paton, Tara A;Roslin, Nicole M;Paterson, Andrew D;Fahiminiya, Somayyeh;French, Justin;Boycott, Kym M;Woods, Michael O;Consortium, Forge Canada	2017///
n	n	n	n	y	y	y	y	y	n	Integrating transcriptomic and proteomic data for accurate assembly and annotation of genomes	Prasad, T S Keshava;Mohanty, Ajeet Kumar;Kumar, Manish;Sreenivasamurthy, Sreelakshmi K;Dey, Gourav;Nirujogi, Raja Sekhar;Pinto, Sneha M;Madugundu, Anil K;Pati, Arun H;Advani, Jayshree;Manda, Srikanth S;Gupta, Manoj Kumar;Dwivedi, Sutopa B;Kelkar, Dhanashree S;Hall, Brantley;Jiang, Xiaofang;Peery, Ashley;Rajagopalan, Pavithra;Yelamanchi, Soujanya D;Solanki, Hitendra S;Raja, Remya;Sathe, Gajanan J;Chavan, Sandip;Verma, Renu;Patel, Krishna M;Jain, Ankit P;Syed, Nazia;Datta, Keshava K;Khan, Aafaque Ahmed;Dammalli, Manjunath;Jayaram, Savita;Radhakrishnan, Aneesha;Mitchell, Christopher J;Na, Chan-Hyun;Kumar, Nirbhay;Sinnis, Photini;Sharakhov, Igor V;Wang, Charles;Gowda, Harsha;Tu, Zhijian;Kumar, Ashwani;Pandey, Akhilesh	2017///
y	n	n	n	n	y	y	y	y	n	A Small RNA Isolation and Sequencing Protocol and Its Application to Assay CRISPR RNA Biogenesis in Bacteria	Silas, Sukrit;Jain, Nimit;Stadler, Michael;Fu, Becky Xu Hua;Sanchez-Amat, Antonio;Fire, Andrew Z;Arribere, Joshua	2018///
y	y	y	y	n	n	n	n	n	n	Anaconda: AN automated pipeline for somatic COpy Number variation Detection and Annotation from tumor exome sequencing data	Gao, J;Wan, C;Zhang, H;Li, A;Zang, Q;Ban, R;Ali, A;Yu, Z;Shi, Q;Jiang, X;Zhang, Y	2017///
y	n	y	n	n	y	n	y	n	n	Next-generation sequencing for microRNA expression profile	Hu, Y;Lan, W;Miller, D	2017///
y	y	y	y	n	n	n	n	n	n	Integrative Analysis of Genetic, Genomic, and Phenotypic Data for Ethanol Behaviors: A Network-Based Pipeline for Identifying Mechanisms and Potential Drug Targets	Bogenpohl, James W;Mignogna, Kristin M;Smith, Maren L;Miles, Michael F	2017///
y	y	y	y	n	n	n	n	n	n	Phylotranscriptomic consolidation of the jawed vertebrate timetree	Irisarri, Iker;Baurain, Denis;Brinkmann, Henner;Delsuc, Frederic;Sire, Jean-Yves;Kupfer, Alexander;Petersen, Joern;Jarek, Michael;Meyer, Axel;Vences, Miguel;Philippe, Herve	2017///
y	y	y	y	n	n	n	n	n	n	BioJupies: Automated Generation of Interactive Notebooks for RNA-Seq Data Analysis in the Cloud	Torre, D;Lachmann, A;Ma'ayan, A	2018///
y	y	y	y	n	n	n	n	n	n	Nextflow, an efficient tool to improve computation numerical stability in genomic analysis	Di Tommaso, P;Floden, E W;Magis, C;Palumbo, E;Notredame, C	2017///
y	y	y	y	n	n	n	n	y	y	RNA-QC-chain: Comprehensive and fast quality control for RNA-Seq data	Zhou, Q;Su, X;Jing, G;Chen, S;Ning, K	2018///
y	y	y	y	n	n	n	n	n	y	Enhancer transcription reveals subtype-specific gene expression programs controlling breast cancer pathogenesis	Franco, H L;Nagari, A;Malladi, V S;Li, W;Xi, Y;Richardson, D;Allton, K L;Tanaka, K;Li, J;Murakami, S;Keyomarsi, K;Bedford, M T;Shi, X;Li, W;Barton, M C;Dent, S Y R;Kraus, W L	2018///
y	n	n	n	n	y	y	y	y	y	Pseudoalignment for metagenomic read assignment	Schaeffer, L;Pimentel, H;Bray, N;Melsted, P;Pachter, L	2017///
y	n	y	n	n	y	n	y	y	n	Transcriptomic analysis reveals Toxoplasma gondii strain-specific differences in host cell response to dense granule protein GRA15	Liu, Qing;Gao, Wen-Wei;Elsheikha, Hany M;He, Jun-Jun;Li, Fa-Cai;Yang, Wen-Bin;Zhu, Xing-Quan	2018///
y	n	y	n	n	y	n	y	y	n	Identification of Genomic Somatic Variants in Cancer: From Discovery to Actionability	Fawcett, G L;Eterovic, A Karina	2017///
y	n	n	n	n	y	y	y	y	n	Genomic and Functional Fidelity of Small Cell Lung Cancer Patient-Derived Xenografts	Drapkin, Benjamin J;George, Julie;Christensen, Camilla L;Mino-Kenudson, Mari;Dries, Ruben;Sundaresan, Tilak;Phat, Sarah;Myers, David T;Zhong, Jun;Igo, Peter;Hazar-Rethinam, Mehlika H;Licausi, Joseph A;Gomez-Caraballo, Maria;Kem, Marina;Jani, Kandarp N;Azimi, Roxana;Abedpour, Nima;Menon, Roopika;Lakis, Sotirios;Heist, Rebecca S;Buettner, Reinhard;Haas, Stefan;Sequist, Lecia V;Shaw, Alice T;Wong, Kwok-Kin;Hata, Aaron N;Toner, Mehmet;Maheswaran, Shyamala;Haber, Daniel A;Peifer, Martin;Dyson, Nicholas;Thomas, Roman K;Farago, Anna F	2018///
y	y	y	y	n	n	n	n	n	y	Differential Gene Expression (DEX) and Alternative Splicing Events (ASE) for Temporal Dynamic Processes Using HMMs and Hierarchical Bayesian Modeling Approaches	Oh, Sunghee;Song, Seongho	2017///
n	n	n	n	y	y	y	y	y	n	Piscine Orthoreovirus 3 Is Not the Causative Pathogen of Proliferative Darkening Syndrome (PDS) of Brown Trout (Salmo trutta fario)	Fux, Robert;Arndt, Daniela;Langenmayer, Martin C;Schwaiger, Julia;Ferling, Hermann;Fischer, Nicole;Indenbirken, Daniela;Grundhoff, Adam;Doelken, Lars;Adamek, Mikolaj;Steinhagen, Dieter;Sutter, Gerd	2019///
y	n	n	n	y	y	y	y	y	n	IMSindel: An accurate intermediate-size indel detection tool incorporating de novo assembly and gapped global-local alignment with split read analysis	Shigemizu, Daichi;Miya, Fuyuki;Akiyama, Shintaro;Okuda, Shujiro;Boroevich, Keith A;Fujimoto, Akihiro;Nakagawa, Hidewaki;Ozaki, Kouichi;Niida, Shumpei;Kanemura, Yonehiro;Okamoto, Nobuhiko;Saitoh, Shinji;Kato, Mitsuhiro;Yamasaki, Mami;Matsunaga, Tatsuo;Mutai, Hideki;Kosaki, Kenjiro;Tsunoda, Tatsuhiko	2018///
y	y	n	y	n	n	y	n	y	y	Integrative deep models for alternative splicing	Jha, Anupama;Gazzara, Matthew R;Barash, Yoseph	2017///
y	y	y	y	n	n	n	n	n	n	SLIM: a flexible web application for the reproducible processing of environmental DNA metabarcoding data	Dufresne, Yoann;Lejzerowicz, Franck;Perret-Gentil, Laure Apotheloz;Pawlowski, Jan;Cordier, Tristan	2019///
y	y	y	y	n	n	n	n	n	n	Molecular Characteristics of Conjunctival Melanoma Using Whole-Exome Sequencing	Swaminathan, Swarup S;Field, Matthew G;Sant, David;Wang, Gaofeng;Galor, Anat;Dubovy, Sander R;Harbour, J William;Karp, Carol L	2017///
y	y	y	n	n	n	n	y	y	y	Assessing the Effectiveness of Direct Data Merging Strategy in Long-Term and Large-Scale Pharmacometabonomics	Cui, Xuejiao;Yang, Qingxia;Li, Bo;Tang, Jing;Zhang, Xiaoyu;Li, Shuang;Li, Fengcheng;Hu, Jie;Lou, Yan;Qiu, Yunqing;Xue, Weiwei;Zhu, Feng	2019///
y	n	y	n	n	y	n	y	y	y	ISVASE: identification of sequence variant associated with splicing event using RNA-seq data	Aljohi, Hasan Awad;Liu, Wanfei;Lin, Qiang;Yu, Jun;Hu, Songnian	2017///
y	y	y	y	n	n	n	n	n	n	RNA-Seq Data Analysis: From Raw Data Quality Control to Differential Expression Analysis	Qi, Weihong;Schlapbach, Ralph;Rehrauer, Hubert	2017///
n	n	n	n	y	y	y	y	n	n	Systems biology primer: the basic methods and approaches	Tavassoly, Iman;Goldfarb, Joseph;Iyengar, Ravi	2018///
n	n	y	n	y	y	n	y	y	n	Resolvin E1 Promotes Bone Preservation Under Inflammatory Conditions	El Kholy, Karim;Freire, Marcelo;Chen, Tsute;Van Dyke, Thomas E	2018///
y	y	y	y	n	n	n	n	n	n	A Bioinformatics Pipeline for the Identification of CHO Cell Differential Gene Expression from RNA-Seq Data	Monger, Craig;Motheramgari, Krishna;McSharry, John;Barron, Niall;Clarke, Colin	2017///
y	y	y	y	n	n	n	n	n	n	Unsupervised, Statistically Based Systems Biology Approach for Unraveling the Genetics of Complex Traits: A Demonstration with Ethanol Metabolism	Lusk, Ryan;Saba, Laura M;Vanderlinden, Lauren A;Zidek, Vaclav;Silhavy, Jan;Pravenec, Michal;Hoffman, Paula L;Tabakoff, Boris	2018///
y	y	y	y	n	n	n	n	y	n	RNA-Seq differential expression analysis: An extended review and a software tool	Costa-Silva, Juliana;Domingues, Douglas;Lopes, Fabricio Martins	2017///
y	n	y	n	n	y	n	y	y	y	Maximum Rank Reproducibility: A Nonparametric Approach to Assessing Reproducibility in Replicate Experiments	Philtron, Daisy;Lyu, Yafei;Li, Qunhua;Ghosh, Debashis	2018///
y	n	y	n	n	y	n	y	y	n	Identification of candidate neoantigens produced by fusion transcripts in human osteosarcomas	Rathe, Susan K;Popescu, Flavia E;Johnson, James E;Watson, Adrienne L;Marko, Tracy A;Moriarity, Branden S;Ohlfest, John R;Largaespada, David A	2019///
n	n	y	n	y	y	n	y	y	n	Characterizing the virome of Ixodes ricinus ticks from northern Europe	Pettersson, John H O;Shi, Mang;Bohlin, Jon;Eldholm, Vegard;Brynildsrud, Ola B;Paulsen, Katrine Mork;Andreassen, Ashild;Holmes, Edward C	2017///
y	n	n	n	n	y	y	y	n	n	An Introduction to the Analysis of Single-Cell RNA-Sequencing Data	AlJanahi, Aisha A;Danielsen, Mark;Dunbar, Cynthia E	2018///
n	y	y	y	y	n	n	n	y	y	IRIS-EDA: An integrated RNA-Seq interpretation system for gene expression data analysis	Monier, Brandon;McDermaid, Adam;Wang, Cankun;Zhao, Jing;Miller, Allison;Fennell, Anne;Ma, Qin	2019///
n	y	y	n	y	n	n	y	n	y	GFusion: an Effective Algorithm to Identify Fusion Genes from Cancer RNA-Seq Data	Zhao, Jian;Chen, Qi;Wu, Jing;Han, Ping;Song, Xiaofeng	2017///
y	n	y	y	n	y	n	n	y	n	Comprehensive analysis of circRNA expression profiles in humans by RAISE	Li, Lin;Zheng, Yong-Chang;Kayani, Masood Ur Rehman;Xu, Wen;Wang, Guan-Qun;Sun, Pei;Ao, Ning;Zhang, Li-Na;Gu, Zhao-Qi;Wu, Liang-Cai;Zhao, Hai-Tao	2017///
y	n	y	n	n	y	n	y	n	y	Deblender: a semi-/unsupervised multi-operational computational method for complete deconvolution of expression data from heterogeneous samples	Dimitrakopoulou, Konstantina;Wik, Elisabeth;Akslen, Lars A;Jonassen, Inge	2018///
n	n	y	n	y	y	n	y	y	n	Non-homologous recombination between Alu and LINE-1 repeats results in a 91 kb deletion in MERTK causing severe retinitis pigmentosa	Jonsson, Frida;Burstedt, Marie;Kellgren, Therese G;Golovleva, Irina	2018///
y	y	y	n	n	n	n	y	n	y	Convolutional neural networks for classification of alignments of non-coding RNA sequences	Aoki, Genta;Sakakibara, Yasubumi	2018///
n	n	y	n	y	y	n	y	y	y	Burden Testing of Rare Variants Identified through Exome Sequencing via Publicly Available Control Data	Guo, Michael H;Plummer, Lacey;Chan, Yee-Ming;Hirschhorn, Joel N;Lippincott, Margaret F	2018///
n	n	n	n	y	y	y	y	n	n	A Review on Recent Computational Methods for Predicting Noncoding RNAs	Zhang, Yi;Huang, Haiyun;Zhang, Dahan;Qiu, Jing;Yang, Jiasheng;Wang, Kejing;Zhu, Lijuan;Fan, Jingjing;Yang, Jialiang	2017///
n	n	y	n	y	y	n	y	y	n	Combined Analysis of Antigen Presentation and T-cell Recognition Reveals Restricted Immune Responses in Melanoma	Kalaora, Shelly;Wolf, Yochai;Feferman, Tali;Barnea, Eilon;Greenstein, Erez;Reshef, Dan;Tirosh, Itay;Reuben, Alexandre;Patkar, Sushant;Levy, Ronen;Quinkhardt, Juliane;Omokoko, Tana;Qutob, Nouar;Golani, Ofra;Zhang, Jianhua;Mao, Xizeng;Song, Xingzhi;Bernatchez, Chantale;Haymaker, Cara;Forget, Marie-Andree;Creasy, Caitlin;Greenberg, Polina;Carter, Brett W;Cooper, Zachary A;Rosenberg, Steven A;Lotem, Michal;Sahin, Ugur;Shakhar, Guy;Ruppin, Eytan;Wargo, Jennifer A;Friedman, Nir;Admon, Arie;Samuels, Yardena	2018///
n	n	n	n	y	y	y	y	n	n	PROTEOGENOMICS FROM A BIOINFORMATICS ANGLE: A GROWING FIELD	Menschaert, Gerben;Fenyo, David	2017///
n	n	y	n	y	y	n	y	y	n	Next-Generation Sequencing in Oncology: Genetic Diagnosis, Risk Prediction and Cancer Classification	Kamps, Rick;Brandao, Rita D;van den Bosch, Bianca J;Paulussen, Aimee D C;Xanthoulea, Sofia;Blok, Marinus J;Romano, Andrea	2017///
y	n	n	n	n	y	y	y	y	y	Comparison of three variant callers for human whole genome sequencing	Supernat, Anna;Vidarsson, Oskar Valdimar;Steen, Vidar M;Stokowy, Tomasz	2018///
y	y	y	y	n	n	n	n	y	n	TAP: a targeted clinical genomics pipeline for detecting transcript variants using RNA-seq data	Chiu, Readman;Nip, Ka Ming;Chu, Justin;Birol, Inanc	2018///
y	y	y	y	n	n	n	n	y	n	Kollector: transcript-informed, targeted de novo assembly of gene loci	Kucuk, Erdi;Chu, Justin;Vandervalk, Benjamin P;Hammond, S Austin;Warren, Rene L;Birol, Inanc	2017///
n	n	n	n	y	y	y	y	n	n	Evaluation of SSR and SNP markers in Rubus glaucus Benth progenitors selection	Maria Lopez, Ana;Felipe Barrera, Carlos;Leonor Marulanda, Marta	2019///
n	n	y	n	y	y	n	y	y	n	Systematic Identification of Non-coding RNAs	Xiao, Yun;Hu, Jing;Yin, Wenkang	2018///
y	n	y	n	n	y	n	y	y	n	Assessment of Bona Fide sRNAs in Staphylococcus aureus	Liu, Wenfeng;Rochat, Tatiana;Toffano-Niochel, Claire;Thao Nguyen Le, Lam;Bouloc, Philippe;Moryan, Claire	2018///
y	n	y	n	n	y	n	y	y	n	Breeding approaches and genomics technologies to increase crop yield under low-temperature stress	Jha, Uday Chand;Bohra, Abhishek;Jha, Rintu	2017///
n	n	n	n	y	y	y	y	n	n	Multi-qubit Quantum Rabi Model and Multi-partite Entangled States in a Circuit QED System	Li, Jialun;Wang, Gangcheng;Xiao, Ruoqi;Sun, Chunfang;Wu, Chunfeng;Xue, Kang	2019///
y	y	y	n	n	n	n	y	y	y	A workflow for simplified analysis of ATAC-cap-seq data in R	Shrestha, Ram Krishna;Ding, Pingtao;Jones, Jonathan D G;MacLean, Dan	2018///
y	n	y	y	n	y	n	n	y	y	Practical Analysis of Hi-C Data: Generating A/B Compartment Profiles	Miura, Hisashi;Poonperm, Rawin;Takahashi, Saori;Hiratani, Ichiro	2018///
y	n	n	n	n	y	y	y	y	n	Identification and application of exogenous dsRNA confers plant protection against Sclerotinia sclerotiorum and Botrytis cinerea	McLoughlin, Austein G;Wytinck, Nick;Walker, Philip L;Girard, Ian J;Rashid, Khalid Y;de Kievit, Teresa;Fernando, W G Dilantha;Whyard, Steve;Belmonte, Mark F	2018///
n	n	y	n	y	y	n	y	y	n	Neuronal atlas of the dorsal horn defines its architecture and links sensory input to transcriptional cell types	Haring, Martin;Zeisel, Amit;Hochgerner, Hannah;Rinwa, Puneet;Jakobsson, Jon E T;Lonnerberg, Peter;La Manno, Gioele;Sharma, Nilesh;Borgius, Lotta;Kiehn, Ole;Lagerstrom, Malin C;Linnarsson, Sten;Ernfors, Patrik	2018///
y	n	n	n	n	y	y	y	y	y	Environmental DNA metabarcoding: Transforming how we survey animal and plant communities	Deiner, Kristy;Bik, Holly M;Machler, Elvira;Seymour, Mathew;Lacoursiere-Roussel, Anais;Altermatt, Florian;Creer, Simon;Bista, Iliana;Lodge, David M;de Vere, Natasha;Pfrender, Michael E;Bernatchez, Louis	2017///
y	y	y	n	n	n	n	y	n	y	DeepPVP: phenotype-based prioritization of causative variants using deep learning	Boudellioua, Imane;Kulmanov, Maxat;Schofield, Paul N;Gkoutos, Georgios V;Hoehndorf, Robert	2019///
y	y	y	y	n	n	n	n	y	y	aliFreeFold: an alignment-free approach to predict secondary structure from homologous RNA sequences	Glouzon, Jean-Pierre Sehi;Ouangraoua, Aida	2018///
y	y	y	y	n	n	n	n	y	y	SQANTI: extensive characterization of long-read transcript sequences for quality control in full-length transcriptome identification and quantification	Tardaguila, Manuel;de la Fuente, Lorena;Marti, Cristina;Pereira, Cecile;Jose Pardo-Palacios, Francisco;del Risco, Hector;Ferrell, Marc;Mellado, Maravillas;Macchietto, Marissa;Verheggen, Kenneth;Edelmann, Mariola;Ezkurdia, Iakes;Vazquez, Jesus;Tress, Michael;Mortazavi, Ali;Martens, Lennart;Rodriguez-Navarro, Susana;Moreno-Manzano, Victoria;Conesa, Ana	2018///
y	y	n	n	n	n	y	y	y	n	TranslatomeDB: a comprehensive database and cloud-based analysis platform for translatome sequencing data	Liu, Wanting;Xiang, Lunping;Zheng, Tingkai;Jin, Jingjie;Zhang, Gong	2018///
y	y	y	y	n	n	n	n	y	y	Using SAAS-CNV to Detect and Characterize Somatic Copy Number Alterations in Cancer Genomes from Next Generation Sequencing and SNP Array Data	Zhang, Zhongyang;Hao, Ke	2018///
y	y	y	y	n	n	n	n	n	n	Bioinformatic Analysis of Chloroplast Gene Expression and RNA Posttranscriptional Maturations Using RNA Sequencing	Malbert, Bastien;Rigaill, Guillem;Brunaud, Veronique;Lurin, Claire;Delannoy, Etienne	2018///
y	n	y	n	n	y	n	y	y	n	Mapping the landscape of tandem repeat variability by targeted long read single molecule sequencing in familial X-linked intellectual disability	Zablotskaya, Alena;Van Esch, Hilde;Verstrepen, Kevin J;Froyen, Guy;Vermeesch, Joris R	2018///
y	n	n	n	n	y	y	y	y	n	Temporal changes in macrophage phenotype after peripheral nerve injury	Tomlinson, Joy E;Zygelyte, Emilija;Grenier, Jennifer K;Edwards, Michael G;Cheetham, Jonathan	2018///
y	n	y	n	n	y	n	y	n	y	PAR-CLIP for Discovering Target Sites of RNA-Binding Proteins	Garzia, Aitor;Morozov, Pavel;Sajek, Marcin;Meyer, Cindy;Tuschl, Thomas	2018///
y	y	y	y	n	n	n	n	n	n	Octopus-toolkit: a workflow to automate mining of public epigenomic and transcriptomic next-generation sequencing data	Kim, Taemook;Seo, Hogyu David;Hennighausen, Lothar;Lee, Daeyoup;Kang, Keunsoo	2018///
y	n	y	n	n	y	n	y	y	n	De novo variants in the alternative exon 5 of SCN8A cause epileptic encephalopathy	Berkovic, Samuel F;Dixon-Salazar, Tracy;Goldstein, David B;Heinzen, Erin L;Laughlin, Brandon L;Lowenstein, Daniel H;Lubbers, Laura;Milder, Julie;Stewart, Randall;Whittemore, Vicky;Angione, Kaitlin;Bazil, Carl W;Bier, Louise;Bluvstein, Judith;Brimble, Elise;Campbell, Colleen;Chambers, Chelsea;Choi, Hyunmi;Cilio, Maria Roberta;Ciliberto, Michael;Cornes, Susannah;Delanty, Norman;Demarest, Scott;Devinsky, Orrin;Dlugos, Dennis;Dubbs, Holly;Dugan, Patricia;Ernst, Michelle E;Gallentine, William;Gibbons, Melissa;Goodkin, Howard;Grinton, Bronwyn;Helbig, Ingo;Jansen, Laura;Johnson, Kaleas;Joshi, Charuta;Lippa, Natalie C;Makati, Mohamad A;Marsh, Eric;Martinez, Alejandro;Millichap, John;Moskovich, Yuliya;Mulhern, Maureen S;Numis, Adam;Park, Kristen;Poduri, Annapurna;Porter, Brenda;Sands, Tristan T;Scheffer, Ingrid E;Sheidley, Beth;Singhal, Nilika;Smith, Lacey;Sullivan, Joseph;Riviello  Jr., James J;Taylor, Alan;Tolete, Patricia;Epilepsy Genetics, Initiative	2018///
y	n	y	n	n	y	n	y	y	n	Rhazyaminine from Rhazya stricta Inhibits Metastasis and Induces Apoptosis by Downregulating Bcl-2 Gene in MCF7 Cell Line	Iqbal, Waqas;Alkarim, Saleh;Kamal, Tahseen;Choudhry, Hani;Sabir, Jamal;Bora, Roop S;Saini, Kulvinder S	2018///
y	y	y	y	n	n	n	n	n	n	The use of whole exome sequencing and murine patient derived xenografts as a method of chemosensitivity testing in sarcoma	Calvert, Nicholas;Wu, Jiansha;Sneddon, Sophie;Woodhouse, Jennifer;Carey-Smith, Richard;Wood, David;Ingley, Evan	2018///
y	y	n	n	n	n	y	y	y	n	Application of whole-exome sequencing to direct the specific functional testing and diagnosis of rare inherited bleeding disorders in patients from the oresund Region, Scandinavia	Leinoe, Eva;Zetterberg, Eva;Kinalis, Savvas;Ostrup, Olga;Kampmann, Peter;Norstrom, Eva;Andersson, Nadine;Klintman, Jenny;Qvortrup, Klaus;Nielsen, Finn Cilius;Rossing, Maria	2017///
y	n	n	n	n	y	y	y	y	n	Next-Generation Sequencing in Diagnostic Pathology	Ilyas, Mohammad	2017///
y	n	y	n	n	y	n	y	y	n	Screening and Identification of putative long non coding RNAs from transcriptome data of a high yielding blackgram (Vigna mungo), Cv. T9	Singh, Pankaj Kumar;Ganguli, Sayak;Pal, Amita	2018///
y	n	n	n	n	y	y	y	y	n	Tench (Tinca tinca) high-throughput transcriptomics reveal feed dependent gut profiles	Panicz, Remigiusz;Klopp, Christophe;Igielski, Rafal;Hofsoe, Paulina;Sadowski, Jacek;Coller  Jr., John A	2017///
y	n	y	n	n	y	n	y	y	n	Role of Whole-exome Sequencing in Phenotype Classification and Clinical Treatment of Pediatric Restrictive Cardiomyopathy	Ding, Wen-Hong;Han, Ling;Xiao, Yan-Yan;Mo, Ying;Yang, Jing;Wang, Xiao-Fang;Jin, Mei	2017///
y	n	y	y	n	y	n	n	y	n	Whole Exome Sequencing in Eight Thai Patients With Leber Congenital Amaurosis Reveals Mutations in the CTNNA1 and CYP4V2 Genes	Jinda, Worapoj;Taylor, Todd D;Suzuki, Yutaka;Thongnoppakhun, Wanna;Limwongse, Chanin;Lertrit, Patcharee;Trinavarat, Adisak;Atchaneeyasakul, La-Ongsri	2017///
y	y	y	y	n	n	n	n	y	y	Targeted sequencing of both DNA strands barcoded and captured individually by RNA probes to identify genome-wide ultra-rare mutations	Wang, Qing;Wang, Xu;Tang, Pheobe S;O'Leary, Grace M;Zhang, Ming	2017///
y	n	n	n	n	y	y	y	y	n	Diversity and Genome Analysis of Australian and Global Oilseed Brassica napus L. Germplasm Using Transcriptomics and Whole Genome Re-sequencing	Malmberg, M Michelle;Shi, Fan;Spangenberg, German C;Daetwyler, Hans D;Cogan, Noel O I	2018///
y	y	y	y	n	n	n	n	n	n	Pathway Inspector: a pathway based web application for RNAseq analysis of model and non-model organisms	Bianco, Luca;Riccadonna, Samantha;Lavezzo, Enrico;Falda, Marco;Formentin, Elide;Cavalieri, Duccio;Toppo, Stefano;Fontana, Paolo	2017///
y	n	n	n	n	y	y	y	y	n	Whole-exome sequencing reanalysis at 12 months boosts diagnosis and is cost-effective when applied early in Mendelian disorders	Ewans, Lisa J;Schofield, Deborah;Shrestha, Rupendra;Zhu, Ying;Gayevskiy, Velimir;Ying, Kevin;Walsh, Corrina;Lee, Eric;Kirk, Edwin P;Colley, Alison;Ellaway, Carolyn;Turner, Anne;Mowat, David;Worgan, Lisa;Freckmann, Mary-Louise;Lipke, Michelle;Sachdev, Rani;Miller, David;Field, Michael;Dinger, Marcel E;Buckley, Michael F;Cowley, Mark J;Roscioli, Tony	2018///
y	y	y	y	n	n	n	n	n	n	Seqping: gene prediction pipeline for plant genomes using self-training gene models and transcriptomic data	Chan, Kuang-Lim;Rosli, Rozana;Tatarinova, Tatiana V;Hogan, Michael;Firdaus-Raih, Mohd;Low, Eng-Ti Leslie	2017///
y	y	n	n	n	n	y	y	n	y	Transformation and model choice for RNA-seq co-expression analysis	Rau, Andrea;Maugis-Rabusseau, Cathy	2018///
y	n	y	n	n	y	n	y	y	n	Correlating Anatomy and Function with Gene Expression in Individual Neurons by Combining in Vivo Labeling, Patch Clamp, and Single Cell RNA-seq	Pfeffer, Carsten K;Beltramo, Riccardo	2017///
y	y	y	y	n	n	n	n	n	n	FastGT: an alignment-free method for calling common SNVs directly from raw sequencing reads	Pajuste, Fanny-Dhelia;Kaplinski, Lauris;Mols, Mart;Puurand, Tarmo;Lepamets, Maarja;Remm, Maido	2017///
y	n	n	n	n	y	y	y	y	n	Differential expression profile of hepatic circular RNAs in chronic hepatitis B	Zhou, T C;Li, X;Chen, L J;Fan, J H;Lai, X;Tang, Y;Zhang, L;Wei, J	2018///
y	n	y	n	n	y	n	y	y	n	Impact of RNA integrity and blood sample storage conditions on the gene expression analysis	Shen, Yanting;Li, Rui;Tian, Fei;Chen, Zhenzhu;Lu, Na;Bai, Yunfei;Ge, Qinyu;Lu, Zuhong	2018///
y	n	y	n	n	y	n	y	y	n	Identification of gene signatures from RNA-seq data using Pareto-optimal cluster algorithm	Mallik, Saurav;Zhao, Zhongming	2018///
y	y	n	n	n	n	y	y	y	n	SPAR: small RNA-seq portal for analysis of sequencing experiments	Kuksa, Pavel P;Amlie-Wolf, Alexandre;Katanic, Zivadin;Valladares, Otto;Wang, Li-San;Leung, Yuk Yee	2018///
y	n	y	n	n	y	n	y	y	n	Total rRNA-Seq Analysis Gives Insight into Bacterial, Fungal, Protozoal and Archaeal Communities in the Rumen Using an Optimized RNA Isolation Method	Elekwachi, Chijioke O;Wang, Zuo;Wu, Xiaofeng;Rabee, Alaa;Forster, Robert J	2017///
y	y	y	y	n	n	n	n	n	n	ChimericSeq: An open-source, user-friendly interface for analyzing NGS data to identify and characterize viral-host chimeric sequences	Shieh, Fwu-Shan;Jongeneel, Patrick;Steffen, Jamin D;Lin, Selena;Jain, Surbhi;Song, Wei;Su, Ying-Hsiu	2017///
y	n	n	n	n	y	y	y	y	n	Molecular and clinical characterization of TIM-3 in glioma through 1,024 samples	Li, Guanzhang;Wang, Zheng;Zhang, Chuanbao;Liu, Xing;Cai, Jinquan;Wang, Zhiliang;Hu, Huimin;Wu, Fan;Bao, Zhaoshi;Liu, Yanwei;Zhao, Liang;Liang, Tingyu;Yang, Fan;Huang, Ruoyu;Zhang, Wei;Jiang, Tao	2017///
y	n	y	y	n	y	n	n	n	n	Reducing the Bottleneck in Discovery of Novel Antibiotics	Jones, Marcus B;Nierman, William C;Shan, Yue;Frank, Bryan C;Spoering, Amy;Ling, Losee;Peoples, Aaron;Zullo, Ashley;Lewis, Kim;Nelson, Karen E	2017///
y	y	y	y	n	n	n	n	n	n	QuickMIRSeq: a pipeline for quick and accurate quantification of both known miRNAs and isomiRs by jointly processing multiple samples from microRNA sequencing	Zhao, Shanrong;Gordon, William;Du, Sarah;Zhang, Chi;He, Wen;Xi, Li;Mathur, Sachin;Agostino, Michael;Paradis, Theresa;von Schack, David;Vincent, Michael;Zhang, Baohong	2017///
y	y	y	n	n	n	n	y	y	n	Defence transcriptome assembly and pathogenesis related gene family analysis in Pinus tecunumanii (low elevation)	Visser, Erik A;Wegrzyn, Jill L;Myburg, Alexander A;Naidoo, Sanushka	2018///
y	n	n	n	n	y	y	y	y	n	A cancer vaccine approach for personalized treatment of Lynch Syndrome	Majumder, Snigdha;Shah, Rakshit;Elias, Jisha;Manoharan, Malini;Shah, Priyanka;Kumari, Anjali;Chakraborty, Papia;Kode, Vasumathi;Mistry, Yogesh;Coral, Karunakaran;Mittal, Bharti;Murugan, Sakthivel S M;Mahadevan, Lakshmi;Gupta, Ravi;Chaudhuri, Amitabha;Khanna-Gupta, Arati	2018///
y	n	n	n	n	y	y	y	y	n	Improving amphibian genomic resources: a multitissue reference transcriptome of an iconic invader	Richardson, Mark F;Sequeira, Fernando;Selechnik, Daniel;Carneiro, Miguel;Vallinoto, Marcelo;Reid, Jack G;West, Andrea J;Crossland, Michael R;Shine, Richard;Rollins, Lee A	2017///
y	n	n	n	n	y	y	y	y	n	Practical low-coverage genomewide sequencing of hundreds of individually barcoded samples for population and evolutionary genomics in nonmodel species	Therkildsen, Nina Overgaard;Palumbi, Stephen R	2017///
y	n	y	n	n	y	n	y	y	y	Consistent Reanalysis of Genome-wide Imprinting Studies in Plants Using Generalized Linear Models Increases Concordance across Datasets	Wyder, Stefan;Raissig, Michael T;Grossniklaus, Ueli	2019///
y	y	n	n	n	n	y	y	n	n	Combining NGN2 Programming with Developmental Patterning Generates Human Excitatory Neurons with NMDAR-Mediated Synaptic Transmission	Nehme, Ralda;Zuccaro, Emanuela;Ghosh, Sulagna Dia;Li, Chenchen;Sherwood, John L;Pietilainen, Olli;Barrett, Lindy E;Limone, Francesco;Worringer, Kathleen A;Kommineni, Sravya;Zang, Ying;Cacchiarelli, Davide;Meissner, Alex;Adolfsson, Rolf;Haggarty, Stephen;Madison, Jon;Muller, Matthias;Arlotta, Paola;Fu, Zhanyan;Feng, Guoping;Eggan, Kevin	2018///
y	n	y	n	n	y	n	y	y	n	Expanding the repertoire of miRNAs and miRNA-offset RNAs expressed in multiple myeloma by small RNA deep sequencing	Agnelli, Luca;Bisognin, Andrea;Todoerti, Katia;Manzoni, Martina;Taiana, Elisa;Galletti, Serena;Cutrona, Giovanna;Gaffo, Enrico;Bortoluzzi, Stefania;Neri, Antonino	2019///
y	y	y	y	n	n	n	n	n	n	Automated analysis of small RNA datasets with RAPID	Karunanithi, Sivarajan;Simon, Martin;Schulz, Marcel H	2019///
y	n	n	n	n	y	y	y	y	n	Argasid and ixodid systematics: Implications for soft tick evolution and systematics, with a new argasid species list	Mans, Ben J;Featherston, Jonathan;Kvas, Marija;Pillay, Kerry-Anne;de Klerk, Daniel G;Pienaar, Ronel;de Castro, Minique H;Schwan, Tom G;Lopez, Job E;Teel, Pete;de Leon, Adalberto A Perez;Sonenshine, Daniel E;Egekwu, Noble I;Bakkes, Deon K;Heyne, Heloise;Kanduma, Esther G;Nyangiwe, Nkululeko;Bouattour, Ali;Latif, Abdalla A	2019///
y	n	n	n	n	y	y	y	n	n	Applications of Next-Generation Sequencing in Neoantigen Prediction and Cancer Vaccine Development	Lancaster, Elizabeth M;Jablons, David;Kratz, Johannes R	2019///
y	y	y	n	n	n	n	y	y	n	Power analysis of single-cell RNA-sequencing experiments	Svensson, Valentine;Natarajan, Kedar Nath;Ly, Lam-Ha;Miragaia, Ricardo J;Labalette, Charlotte;Macaulay, Iain C;Cvejic, Ana;Teichmann, Sarah A	2017///
n	n	n	n	y	y	y	y	n	n	Precision Medicine in Pediatric Neurooncology: A Review	Mochizuki, Aaron Y;Frost, Isaura M;Mastrodimos, Melina B;Plant, Ashley S;Wang, Anthony C;Moore, Theodore B;Prins, Robert M;Weiss, Paul S;Jonas, Steven J	2018///
y	y	y	y	n	n	n	n	n	n	viGEN: An Open Source Pipeline for the Detection and Quantification of Viral RNA in Human Tumors	Bhuvaneshwar, Krithika;Song, Lei;Madhavan, Subha;Gusev, Yuriy	2018///
n	n	n	n	y	y	y	y	y	n	Mechanisms for Differential Protein Production in Toxin-Antitoxin Systems	Deter, Heather S;Jensen, Roderick V;Mather, William H;Butzin, Nicholas C	2017///
n	n	y	n	y	y	n	y	y	n	A likelihood-based approach to transcriptome association analysis	Qian, Jing;Ray, Evan;Brecha, Regina L;Reilly, Muredach P;Foulkes, Andrea S	2019///
y	y	y	y	n	n	n	n	n	n	DNAp: A Pipeline for DNA-seq Data Analysis	Causey, Jason L;Ashby, Cody;Walker, Karl;Wang, Zhiping Paul;Yang, Mary;Guan, Yuanfang;Moore, Jason H;Huang, Xiuzhen	2018///
y	n	n	n	n	y	y	y	y	n	Proteogenomics in the context of the Human Proteome Project (HPP)	Gonzalez-Gomariz, Jose;Guruceaga, Elizabeth;Lopez-Sanchez, Macarena;Segura, Victor	2019///
y	y	y	y	n	n	n	n	n	n	An ultra-fast and scalable quantification pipeline for transposable elements from next generation sequencing data	Jeong, Hyun-Hwan;Yalamanchili, Hari Krishna;Guo, Caiwei;Shulman, Joshua M;Liu, Zhandong	2018///
y	n	n	n	n	y	y	y	y	n	Genome-wide identification of soybean microRNA responsive to soybean cyst nematodes infection by deep sequencing	Tian, Bin;Wang, Shichen;Todd, Timothy C;Johnson, Charles D;Tang, Guiliang;Trick, Harold N	2017///
y	n	n	n	n	y	y	y	y	n	Gene isoforms as expression-based biomarkers predictive of drug response in vitro	Safikhani, Zhaleh;Smirnov, Petr;Thu, Kelsie L;Silvester, Jennifer;El-Hachem, Nehme;Quevedo, Rene;Lupien, Mathieu;Mak, Tak W;Cescon, David;Haibe-Kains, Benjamin	2017///
y	n	n	n	n	y	y	y	y	n	Efficient Screening and Optimization of Membrane Protein Production in Escherichia coli	Marino, Jacopo;Holzhueter, Katharina;Kuhn, Benedikt;Geertsma, Eric R	2017///
y	y	y	y	n	n	n	n	n	n	A Guide to the Chloroplast Transcriptome Analysis Using RNA-Seq	Michel, Elena J S;Hotto, Amber M;Strickler, Susan R;Stern, David B;Castandet, Benoit	2018///
y	n	y	y	n	y	n	n	n	n	Discovery and Annotation of Plant Endogenous Target Mimicry Sequences from Public Transcriptome Libraries: A Case Study of Prunus persica	Karakulah, Gokhan	2017///
y	n	n	n	n	y	y	y	y	n	Systematic Discovery of Chromatin-Bound Protein Complexes from ChIP-seq Datasets	Giannopoulou, Eugenia;Elemento, Olivier	2017///
y	y	y	y	n	n	n	n	y	y	rMATS- DVR: rMATS discovery of differential variants in RNA	Wang, Jinkai;Pan, Yang;Shen, Shihao;Lin, Lan;Xing, Yi	2017///
y	n	n	n	n	y	y	y	y	n	Phrank measures phenotype sets similarity to greatly improve Mendelian diagnostic disease prioritization	Jagadeesh, Karthik A;Birgmeier, Johannes;Guturu, Harendra;Deisseroth, Cole A;Wenger, Aaron M;Bernstein, Jonathan A;Bejerano, Gill	2019///
y	y	y	y	n	n	n	n	n	y	PGSB/MIPS PlantsDB Database Framework for the Integration and Analysis of Plant Genome Data	Spannagl, Manuel;Nussbaumer, Thomas;Bader, Kai;Gundlach, Heidrun;Mayer, Klaus F X	2017///
y	y	n	n	n	n	y	y	y	n	Ensembl Genomes 2018: an integrated omics infrastructure for non-vertebrate species	Kersey, Paul Julian;Allen, James E;Allot, Alexis;Barba, Matthieu;Boddu, Sanjay;Bolt, Bruce J;Carvalho-Silva, Denise;Christensen, Mikkel;Davis, Paul;Grabmueller, Christoph;Kumar, Navin;Liu, Zicheng;Maurel, Thomas;Moore, Ben;McDowall, Mark D;Maheswari, Uma;Naamati, Guy;Newman, Victoria;Ong, Chuang Kee;Paulini, Michael;Pedro, Helder;Perry, Emily;Russell, Matthew;Sparrow, Helen;Tapanari, Electra;Taylor, Kieron;Vullo, Alessandro;Williams, Gareth;Zadissia, Amonida;Olson, Andrew;Stein, Joshua;Wei, Sharon;Tello-Ruiz, Marcela;Ware, Doreen;Luciani, Aurelien;Potter, Simon;Finn, Robert D;Urban, Martin;Hammond-Kosack, Kim E;Bolser, Dan M;De Silva, Nishadi;Howe, Kevin L;Langridge, Nicholas;Maslen, Gareth;Staines, Daniel Michael;Yates, Andrew	2018///
y	n	y	n	n	y	n	y	y	n	A pilot systematic genomic comparison of recurrence risks of hepatitis B virus-associated hepatocellular carcinoma with low- and high-degree liver fibrosis	Yoo, Seungyeul;Wang, Wenhui;Wang, Qin;Fiel, M Isabel;Lee, Eunjee;Hiotis, Spiros P;Zhu, Jun	2017///
y	n	n	n	n	y	y	y	y	n	Unexplored Opportunities in the Cardiovascular System	Uchida, Shizuka;Jones, Steven P	2018///
y	n	y	n	n	y	n	y	y	y	Integrating Discovery-driven Proteomics and Selected Reaction Monitoring To Develop a Noninvasive Assay for Geoduck Reproductive Maturation	Timmins-Schiffman, Emma B;Crandall, Grace A;Vadopalas, Brent;Riffle, Michael E;Nunn, Brook L;Roberts, Steven B	2017///
y	n	n	n	n	y	y	y	y	n	Plant genome and transcriptome annotations: from misconceptions to simple solutions	Bolger, Marie E;Arsova, Borjana;Usadel, Bjoern	2018///
y	n	y	n	n	y	n	y	y	y	Candidate-gene criteria for clinical reporting: diagnostic exome sequencing identifies altered candidate genes among 8% of patients with undiagnosed diseases	Hagman, Kelly D Farwell;Shinde, Deepali N;Mroske, Cameron;Smith, Erica;Radtke, Kelly;Shahmirzadi, Layla;El-Khechen, Dima;Powis, Zoe;Chao, Elizabeth C;Alcaraz, Wendy A;Helbig, Katherine L;Sajan, Samin A;Rossi, Mari;Lu, Hsiao-Mei;Huether, Robert;Li, Shuwei;Wu, Sitao;Nunes, Mark E;Tang, Sha	2017///
y	n	n	n	n	y	y	y	y	n	Fungal and bacterial successions in the process of co-composting of organic wastes as revealed by 454 pyrosequencing	Galitskaya, Polina;Biktashev, Liliya;Saveliev, Anatoly;Grigoryeva, Tatiana;Boulygina, Eugenia;Selivanovskaya, Svetlana	2017///
y	n	n	n	n	y	y	y	y	n	Viral sequences in human cancer	Cantalupo, Paul G;Katz, Joshua P;Pipas, James M	2018///
y	n	y	n	n	y	n	y	y	n	ERVmap analysis reveals genome-wide transcription of human endogenous retroviruses	Tokuyama, Maria;Kong, Yong;Song, Eric;Jayewickreme, Teshika;Kang, Insoo;Iwasaki, Akiko	2018///
y	n	n	n	n	y	y	y	y	n	The Schistosoma mansoni genome encodes thousands of long non-coding RNAs predicted to be functional at different parasite life-cycle stages	Vasconcelos, Elton J R;dasilva, Lucas F;Pires, David S;Lavezzo, Guilherme M;Pereira, Adriana S A;Amaral, Murilo S;Verjovski-Almeida, Sergio	2017///
y	y	y	y	n	n	n	n	n	n	Single-Cell Transcriptome Analysis Using SINCERA Pipeline	Guo, Minzhe;Xu, Yan	2018///
y	n	n	n	n	y	y	y	y	n	Genome-wide Identification and Characterization of Natural Antisense Transcripts by Strand specific RNA Sequencing in Ganoderma lucidum	Shao, Junjie;Chen, Haimei;Yang, Dan;Jiang, Mei;Zhang, Hui;Wu, Bin;Li, Jianqin;Yuan, Lichai;Liu, Chang	2017///
y	n	y	n	n	y	n	y	y	n	Transcriptome Profiling Reveals the Important Role of Exogenous Nitrogen in Alleviating Cadmium Toxicity in Poplar Plants	Zhang, Fan;Li, Junqiang;Huang, Jinliang;Lin, Lihua;Wan, Xueqin;Zhao, Jinglong;Dong, Jifei;Sun, Lingxia;Chen, Qibing	2017///
y	y	y	y	n	n	n	n	n	n	A semiautomated whole-exome sequencing workflow leads to increased diagnostic yield and identification of novel candidate variants	Ji, Jianling;Shen, Lishuang;Bootwalla, Moiz;Quindipan, Catherine;Tatarinova, Tatiana;Maglinte, Dennis T;Buckley, Jonathan;Raca, Gordana;Saitta, Sulagna C;Biegel, Jaclyn A;Gai, Xiaowu	2019///
y	n	y	n	n	y	n	y	y	n	Detection of mutations in MYOC, OPTN, NTF4, WDR36 and CYP1B1 in Chinese juvenile onset open-angle glaucoma using exome sequencing	Huang, Chukai;Xie, Lijing;Wu, Zhenggen;Cao, Yingjie;Zheng, Yuqian;Pang, Chi-Pui;Zhang, Mingzhi	2018///
y	n	y	n	n	y	n	y	y	n	Alternate splicing of transcripts upon Mycobacterium tuberculosis infection impacts the expression of functional protein domains	Kalam, Haroon;Singh, Kartikeya;Chauhan, Komal;Fontana, Mary F;Kumar, Dhiraj	2018///
y	n	y	n	n	y	n	y	y	y	Parallel factor ChIP provides essential internal control for quantitative differential ChIP-seq	Guertin, Michael J;Cullen, Amy E;Markowetz, Florian;Holding, Andrew N	2018///
y	n	y	y	n	y	n	n	y	n	Transcriptome and DNA methylome reveal insights into yield heterosis in the curds of broccoli (Brassica oleracea L var. italic)	Li, Hui;Yuan, Jiye;Wu, Mei;Han, Zhanpin;Li, Lihong;Jiang, Hanmin;Jia, Yinglan;Han, Xue;Liu, Min;Sun, Deling;Chen, Chengbin;Song, Wenqin;Wang, Chunguo	2018///
y	n	n	n	n	y	y	y	y	n	The genome of the Antarctic-endemic copepod, Tigriopus kingsejongensis	Kang, Seunghyun;Ahn, Do-Hwan;Lee, Jun Hyuck;Lee, Sung Gu;Shin, Seung Chul;Lee, Jungeun;Min, Gi-Sik;Lee, Hyoungseok;Kim, Hyun-Woo;Kim, Sanghee;Park, Hyun	2017///
